"","Season","GameLoc","Score_LocDiff","OppScore_LocDiff","FGM_LocDiff","OppFGM_LocDiff","FGA_LocDiff","OppFGA_LocDiff","FGM3_LocDiff","OppFGM3_LocDiff","FGA3_LocDiff","OppFGA3_LocDiff","FTM_LocDiff","OppFTM_LocDiff","FTA_LocDiff","OppFTA_LocDiff","OR_LocDiff","OppOR_LocDiff","DR_LocDiff","OppDR_LocDiff","Ast_LocDiff","OppAst_LocDiff","TO_LocDiff","OppTO_LocDiff","Stl_LocDiff","OppStl_LocDiff","Blk_LocDiff","OppBlk_LocDiff","PF_LocDiff","OppPF_LocDiff","FGPercentage_LocDiff","OppFGPercentage_LocDiff","ThreePercentage_LocDiff","OppThreePercentage_LocDiff","FTPercentage_LocDiff","OppFTPercentage_LocDiff","TSPercentage_LocDiff","OppTSPercentage_LocDiff","EffectiveFGPercentage_LocDiff","OppEffectiveFGPercentage_LocDiff","Possessions_LocDiff","OppPossessions_LocDiff","OE_LocDiff","OppOE_LocDiff","DE_LocDiff","OppDE_LocDiff","EM_LocDiff","OppEM_LocDiff","TurnoverPercentage_LocDiff","OppTurnoverPercentage_LocDiff","ORPercentage_LocDiff","OppORPercentage_LocDiff","DRPercentage_LocDiff","OppDRPercentage_LocDiff","Adjusted_Score_LocDiff","Adjusted_OppScore_LocDiff","Adjusted_FGM_LocDiff","Adjusted_OppFGM_LocDiff","Adjusted_FGA_LocDiff","Adjusted_OppFGA_LocDiff","Adjusted_FGM3_LocDiff","Adjusted_OppFGM3_LocDiff","Adjusted_FGA3_LocDiff","Adjusted_OppFGA3_LocDiff","Adjusted_FTM_LocDiff","Adjusted_OppFTM_LocDiff","Adjusted_FTA_LocDiff","Adjusted_OppFTA_LocDiff","Adjusted_OR_LocDiff","Adjusted_OppOR_LocDiff","Adjusted_DR_LocDiff","Adjusted_OppDR_LocDiff","Adjusted_Ast_LocDiff","Adjusted_OppAst_LocDiff","Adjusted_TO_LocDiff","Adjusted_OppTO_LocDiff","Adjusted_Stl_LocDiff","Adjusted_OppStl_LocDiff","Adjusted_Blk_LocDiff","Adjusted_OppBlk_LocDiff","Adjusted_PF_LocDiff","Adjusted_OppPF_LocDiff","Adjusted_FGPercentage_LocDiff","Adjusted_OppFGPercentage_LocDiff","Adjusted_ThreePercentage_LocDiff","Adjusted_OppThreePercentage_LocDiff","Adjusted_FTPercentage_LocDiff","Adjusted_OppFTPercentage_LocDiff","Adjusted_TSPercentage_LocDiff","Adjusted_OppTSPercentage_LocDiff","Adjusted_EffectiveFGPercentage_LocDiff","Adjusted_OppEffectiveFGPercentage_LocDiff","Adjusted_Possessions_LocDiff","Adjusted_OppPossessions_LocDiff","Adjusted_OE_LocDiff","Adjusted_OppOE_LocDiff","Adjusted_DE_LocDiff","Adjusted_OppDE_LocDiff","Adjusted_EM_LocDiff","Adjusted_OppEM_LocDiff","Adjusted_TurnoverPercentage_LocDiff","Adjusted_OppTurnoverPercentage_LocDiff","Adjusted_ORPercentage_LocDiff","Adjusted_OppORPercentage_LocDiff","Adjusted_DRPercentage_LocDiff","Adjusted_OppDRPercentage_LocDiff","Adjusted_Tempo_LocDiff","Adjusted_OppTempo_LocDiff"
"1",2010,"A",-2.89208681859441,3.04030278630734,-0.791281608720816,0.88609003716974,-0.0248945002683527,0.172654622909334,-0.154428608138193,0.192497231709683,-0.0552698801542988,0.0888247743988408,-1.15509499301459,1.07562548025818,-1.54132505551334,1.47071804611354,-0.13482771163887,0.173433433512196,-0.659014076359327,0.671854294652714,-1.09667195361308,1.25574723083653,0.684231040347649,-0.646848613149077,-0.333289649016958,0.387606188718093,-0.456143328288862,0.50223402222878,0.820517596723761,-0.92657726911186,-0.0136899163943504,0.0141939656670072,-0.00786046757229453,0.00934208740325598,NA,NA,-0.0164214561983826,0.0165820797799274,-0.0150087388547566,0.0157364462216589,0.115981227292295,-0.000511483461977491,-4.40576090389764,4.46075991793657,4.46075991793657,-4.40576090389764,-8.86652082183421,8.86652082183421,0.00875551144138362,-0.00856025747201727,-0.00853056472322244,0.00920380896599404,-0.00920380896599404,0.00853056472322244,-2.70623652032828,2.7832543229933,-0.737812080790448,0.781864621079276,-0.0465409700058501,0.117465934056654,-0.1455605808528,0.17891287642075,-0.0673354880463215,0.0968874704747051,-1.08505177789457,1.040612204414,-1.4212973867892,1.45247169491302,-0.12361562674406,0.162991217512666,-0.581893504015547,0.623252689539001,-1.04473087660059,1.15272819164769,0.712416153202842,-0.548355658948521,-0.29460907453234,0.385627249946381,-0.444831802655399,0.456811500832413,0.817274916742861,-0.862817431408285,-0.0126239634482888,0.01278328415613,-0.00717827378372726,0.00846720333401119,NA,NA,-0.0152769781731611,0.0151321580676967,-0.0138471269437462,0.0142514135479255,0.164119959753805,0.0452066033571867,-4.21324924806828,4.01931435935381,4.01931435935381,-4.21324924806828,-8.23256360742209,8.23256360742209,0.00899296778066691,-0.00740774272784941,-0.0078581492183582,0.00833924447380446,-0.00833924447380452,0.00785814921835826,0.0796953147504098,-0.0219604428352511
"2",2010,"H",3.04030278630734,-2.89208681859441,0.88609003716974,-0.791281608720816,0.172654622909334,-0.0248945002683527,0.192497231709683,-0.154428608138193,0.0888247743988408,-0.0552698801542988,1.07562548025818,-1.15509499301459,1.47071804611354,-1.54132505551334,0.173433433512196,-0.13482771163887,0.671854294652714,-0.659014076359327,1.25574723083653,-1.09667195361308,-0.646848613149077,0.684231040347649,0.387606188718093,-0.333289649016958,0.50223402222878,-0.456143328288862,-0.92657726911186,0.820517596723761,0.0141939656670072,-0.0136899163943504,0.00934208740325598,-0.00786046757229453,NA,NA,0.0165820797799274,-0.0164214561983826,0.0157364462216589,-0.0150087388547566,-0.000511483461977491,0.115981227292295,4.46075991793657,-4.40576090389764,-4.40576090389764,4.46075991793657,8.86652082183421,-8.86652082183421,-0.00856025747201727,0.00875551144138362,0.00920380896599404,-0.00853056472322244,0.00853056472322244,-0.00920380896599404,2.68748539477069,-2.41129005808907,0.789454918526626,-0.612578114236076,0.225636173852358,0.0573622600160562,0.168462937283945,-0.116316962314138,0.104971103490474,-0.0180196556233057,0.940112620433496,-1.06981686730277,1.26410451451424,-1.46371263504565,0.162795871053113,-0.108617803317991,0.533755219661145,-0.552716675467838,1.1455941983502,-0.944973092386171,-0.678133076407789,0.536526735624809,0.327385680735596,-0.321127653031799,0.476331493845037,-0.379919340109931,-0.897555282075253,0.708251862347161,0.0121621881559897,-0.0111529561906383,0.00777044448702946,-0.00651764597612781,NA,NA,0.0142359421014704,-0.0136761878932523,0.0134424177316881,-0.0122040622128475,-0.0590867872222702,0.0584732395387704,4.0449103918734,-3.61646810192963,-3.61646810192963,4.0449103918734,7.66137849380303,-7.66137849380303,-0.00883514070285982,0.00695981017654396,0.00799865397180505,-0.00681257048630896,0.00681257048630901,-0.00799865397180499,-0.0219604428352511,0.0796953147504098
"3",2010,"N",-0.661798278476653,-0.661798278476653,-0.423328577215806,-0.423328577215806,-0.659762887226243,-0.659762887226243,-0.169979995626284,-0.169979995626284,-0.149825768357957,-0.149825768357957,0.354838871581242,0.354838871581242,0.315266958008742,0.315266958008742,-0.17237819021363,-0.17237819021363,-0.0573327860213162,-0.0573327860213162,-0.710286119904351,-0.710286119904351,-0.166916064085695,-0.166916064085695,-0.242528473967426,-0.242528473967426,-0.205799296620408,-0.205799296620408,0.473566442842344,0.473566442842344,-0.00225062755423083,-0.00225062755423083,-0.00661557232069859,-0.00661557232069859,NA,NA,-0.000717199444765004,-0.000717199444765004,-0.00324928204485703,-0.00324928204485703,-0.515583299574459,-0.515583299574459,-0.245575786269953,-0.245575786269953,-0.245575786269953,-0.245575786269953,0,0,-0.000871827393406521,-0.000871827393406521,-0.00300609905758303,-0.00300609905758303,0.00300609905758298,0.00300609905758298,0.083725544588674,-1.6608555337658,-0.230590142457864,-0.755880223480055,-0.799676980948597,-0.780624379760496,-0.102261182064725,-0.279496661760938,-0.168046573487885,-0.352152233671386,0.647167011569129,0.130401574955256,0.701881004223917,0.0501918581582537,-0.174943487089385,-0.242782423946601,0.21494198098997,-0.314949957168682,-0.450364247019722,-0.927646117740359,-0.153077172142435,0.0528172585765354,-0.146350638830201,-0.287996785091242,-0.140649092830714,-0.343330751603312,0.358459404828498,0.690149847515386,0.00206187024382182,-0.00727956817044556,-0.002644098055405,-0.00870495752345463,NA,NA,0.00464832427104911,-0.0065010441845712,0.00180706481195347,-0.00914161685747555,-0.468983024143128,-0.462940279647725,0.751648873934343,-1.79874654376285,-1.79874654376285,0.751648873934343,2.55039541769719,-2.55039541769719,-0.000704712791755685,0.00200006109936682,-0.000627366979305488,-0.00681674338001542,0.00681674338001537,0.000627366979305433,-0.257791649787237,-0.257791649787237
"4",2011,"A",-2.75326814350954,2.92588079266066,-0.703503378460589,0.81181577047558,0.00713832626276201,0.0460744964755264,-0.114940907357987,0.171442071365417,0.0327726089178384,0.0759640982795382,-1.23132047923038,1.13080718034409,-1.63076078227789,1.47413283474339,-0.232080288122257,0.181536733154338,-0.759996917610987,0.731705210048588,-0.995674759289752,1.21964438964642,0.617092658236063,-0.550566916232022,-0.266444707619179,0.347810611529757,-0.435612624816476,0.442046949651609,0.862221672439386,-0.975437902028698,-0.0125492695786041,0.0141177578496431,-0.00680041541234955,0.00753493381781045,NA,NA,-0.015454204884745,0.0169124410850253,-0.0135666882323969,0.0156003098850028,0.138776528418816,-0.037410705623742,-4.29169991218498,4.39928659445933,4.39928659445933,-4.29169991218498,-8.69098650664432,8.69098650664432,0.00807909823026837,-0.00733331132403212,-0.0110687774971659,0.0102793627595124,-0.0102793627595124,0.0110687774971659,-2.54119502589035,2.72062888313876,-0.655218934343136,0.726326161489688,-0.0218445975229002,0.00808764302686171,-0.11614526312361,0.160945916172196,0.00259104072325655,0.0866107214521996,-1.11461189408046,1.10703064398718,-1.44787362101206,1.47165633071847,-0.20857565074051,0.163159283750279,-0.671577602110588,0.675570689478612,-0.962020466057838,1.11977057879728,0.638522599539609,-0.476628170826409,-0.238546688153678,0.344234689748361,-0.427763729623413,0.402992546131208,0.867294859550242,-0.883964487876472,-0.011506092828029,0.0128552621004946,-0.00638881661577967,0.00679853157715199,NA,NA,-0.0142715744807814,0.0156140126808159,-0.0125237675491316,0.0142775817280379,0.188189259511915,0.0158289739663076,-4.06117380510861,4.01617638141644,4.01617638141644,-4.06117380510861,-8.07735018652504,8.07735018652504,0.00821364473090097,-0.00646969164358144,-0.0100885355661399,0.00918398954261296,-0.0091839895426129,0.0100885355661399,0.0879986528484693,-0.0373157414509393
"5",2011,"H",2.92588079266066,-2.75326814350954,0.81181577047558,-0.703503378460589,0.0460744964755264,0.00713832626276201,0.171442071365417,-0.114940907357987,0.0759640982795382,0.0327726089178384,1.13080718034409,-1.23132047923038,1.47413283474339,-1.63076078227789,0.181536733154338,-0.232080288122257,0.731705210048588,-0.759996917610987,1.21964438964642,-0.995674759289752,-0.550566916232022,0.617092658236063,0.347810611529757,-0.266444707619179,0.442046949651609,-0.435612624816476,-0.975437902028698,0.862221672439386,0.0141177578496431,-0.0125492695786041,0.00753493381781045,-0.00680041541234955,NA,NA,0.0169124410850253,-0.015454204884745,0.0156003098850028,-0.0135666882323969,-0.037410705623742,0.138776528418816,4.39928659445933,-4.29169991218498,-4.29169991218498,4.39928659445933,8.69098650664432,-8.69098650664432,-0.00733331132403212,0.00807909823026837,0.0102793627595124,-0.0110687774971659,0.0110687774971659,-0.0102793627595124,2.56131738317423,-2.32309457144066,0.723177447710235,-0.532565120434064,0.0996323068930209,0.100011704428475,0.152243796347733,-0.095733043281701,0.0748261905143899,0.0156544708400972,0.962718691406019,-1.16223128729083,1.21594167159061,-1.58814650565809,0.152091147537805,-0.185013259385293,0.579658549965899,-0.65222198132609,1.12925959594673,-0.841782713418375,-0.585635023447253,0.480168445941407,0.288205508846469,-0.260076230126502,0.425161816964363,-0.36355814096125,-0.964422229385647,0.722382010732805,0.0121829590777737,-0.0102183678237354,0.00662293836803257,-0.00558056340139679,NA,NA,0.0146255131810082,-0.0130355168036891,0.0134648065541609,-0.0111605416392527,-0.103079528592176,0.0664089472656144,3.97335787441516,-3.54418995267045,-3.54418995267045,3.97335787441516,7.51754782708561,-7.51754782708561,-0.00761881104954079,0.006386877503749,0.00870711508287847,-0.00880978137889388,0.00880978137889388,-0.00870711508287847,-0.0373157414509393,0.0879986528484693
"6",2011,"N",-0.742929900192578,-0.742929900192578,-0.466179709222029,-0.466179709222029,-0.229029548415753,-0.229029548415753,-0.243182665599745,-0.243182665599745,-0.468005974201173,-0.468005974201173,0.432612183851223,0.432612183851223,0.674131276018429,0.674131276018429,0.217540941711739,0.217540941711739,0.121768338409588,0.121768338409588,-0.963971852267695,-0.963971852267695,-0.286328743057679,-0.286328743057679,-0.350201234779962,-0.350201234779962,-0.0276935226420547,-0.0276935226420547,0.487285969844109,0.487285969844109,-0.00675081948157819,-0.00675081948157819,-0.00316138874145272,-0.00316138874145272,NA,NA,-0.00627629133820318,-0.00627629133820318,-0.00875276718612406,-0.00875276718612406,-0.436281471737061,-0.436281471737061,-0.463056233232138,-0.463056233232138,-0.463056233232138,-0.463056233232138,0,0,-0.00320988869900224,-0.00320988869900224,0.00339766416389342,0.00339766416389342,-0.00339766416389342,-0.00339766416389342,-0.0866072154159809,-1.71099932690574,-0.292495432990254,-0.833953198682636,-0.334800580622314,-0.465262759194239,-0.155369144829104,-0.28067811592063,-0.333206031883645,-0.440152384408243,0.653752795393633,0.237585186380171,0.998241906850595,0.501377126571597,0.243110957007982,0.0940601515426511,0.395622294029337,-0.100493524099669,-0.719802115822141,-1.19646791875538,-0.227629677320584,-0.0152374478392812,-0.213733019465309,-0.362220476394448,0.0111987083310785,-0.169726835438462,0.41803904599487,0.695455716643991,-0.00291325217380983,-0.0113492702387988,-0.00100766688240717,-0.00524217071982547,NA,NA,-0.00152336253760654,-0.011097921815472,-0.00405025945388049,-0.0134158318839654,-0.366314775936615,-0.353954422884669,0.377962339065235,-2.03144342042684,-2.03144342042684,0.377962339065235,2.40940575949207,-2.40940575949207,-0.00256018159559782,0.000356434484626883,0.00594567424114345,-0.00161060290245391,0.00161060290245385,-0.00594567424114345,-0.218140735868531,-0.218140735868531
"7",2012,"A",-2.91687285110167,2.81374198092875,-0.733127537033862,0.732750341689993,0.0619412431977224,-0.0840549537175548,-0.202659359904569,0.193917863843582,-0.0202835207424634,0.0388755749685004,-1.24795841712938,1.15432343370518,-1.63114440174417,1.51548564262515,-0.194261253185475,0.173581552645921,-0.761528842150668,0.765832239615655,-1.04065325583976,1.14400763577232,0.552912808388264,-0.49040010097155,-0.243556075268369,0.290777328492458,-0.460658079177961,0.46095611900501,0.872071431901176,-0.943478958971422,-0.0135456265652988,0.0137216330544786,-0.00996081995683895,0.00947785857141165,NA,NA,-0.0173066084155812,0.0171149707211461,-0.0153885853518303,0.0154998449203974,0.0914117680040221,-0.0812229245799614,-4.49746250342093,4.33003404722101,4.33003404722101,-4.49746250342093,-8.82749655064194,8.82749655064194,0.00737870459715673,-0.00652489676147583,-0.0107938907395759,0.0103715790141639,-0.0103715790141639,0.0107938907395759,-2.67653412266699,2.62943809859119,-0.668716169773482,0.662046761713238,0.04908082506509,-0.0819179528761751,-0.186077262184786,0.18528525960988,-0.0210602663423742,0.0577985859460171,-1.15302452093525,1.12005931555484,-1.47552784904984,1.50212468222117,-0.16928593449569,0.182159033525677,-0.680310181580477,0.705325184413951,-0.981995351598142,1.07155083200945,0.584629319507981,-0.41330135145378,-0.21349790554518,0.290907882882203,-0.452427079998441,0.422929603586498,0.865262173737449,-0.860302653811427,-0.0123096173708062,0.0124518541147744,-0.00920895905126279,0.00862959974383171,NA,NA,-0.0159032984519432,0.0157140569993374,-0.0140057495284231,0.0141291199583243,0.153763825486834,-0.0164434776783224,-4.23897100882628,3.96132691384631,3.96132691384631,-4.23897100882628,-8.20029792267259,8.20029792267259,0.0076052682404128,-0.00570361032400893,-0.00975238566565484,0.00986012168642486,-0.00986012168642481,0.00975238566565484,0.0612215864149874,-0.0561271647029571
"8",2012,"H",2.81374198092875,-2.91687285110167,0.732750341689993,-0.733127537033862,-0.0840549537175548,0.0619412431977224,0.193917863843582,-0.202659359904569,0.0388755749685004,-0.0202835207424634,1.15432343370518,-1.24795841712938,1.51548564262515,-1.63114440174417,0.173581552645921,-0.194261253185475,0.765832239615655,-0.761528842150668,1.14400763577232,-1.04065325583976,-0.49040010097155,0.552912808388264,0.290777328492458,-0.243556075268369,0.46095611900501,-0.460658079177961,-0.943478958971422,0.872071431901176,0.0137216330544786,-0.0135456265652988,0.00947785857141165,-0.00996081995683895,NA,NA,0.0171149707211461,-0.0173066084155812,0.0154998449203974,-0.0153885853518303,-0.0812229245799614,0.0914117680040221,4.33003404722101,-4.49746250342093,-4.49746250342093,4.33003404722101,8.82749655064194,-8.82749655064194,-0.00652489676147583,0.00737870459715673,0.0103715790141639,-0.0107938907395759,0.0107938907395759,-0.0103715790141639,2.42755484602662,-2.54091681956103,0.626807878278406,-0.59923990139761,-0.0430211608909161,0.0955463868868733,0.161025114225712,-0.190900751969163,0.0225529416146095,-0.0483249948783495,1.01291397524409,-1.15153626479666,1.29457756188564,-1.53255876894559,0.146936217332192,-0.176539480925312,0.639349727251126,-0.64641890866374,1.03516063308508,-0.926239931699824,-0.507937653656304,0.439099305885877,0.239800401582749,-0.224400477502189,0.447716708945609,-0.388020917956665,-0.903719901664758,0.752820569478256,0.0114888728820949,-0.0114320545698611,0.00819655223527249,-0.00875998234327569,NA,NA,0.0145369366052787,-0.0150171592472369,0.0129395377385846,-0.0131884127102713,-0.128280904649728,0.0368593153620083,3.82711765688236,-3.85428608713278,-3.85428608713278,3.82711765688236,7.68140374401513,-7.68140374401513,-0.00661160273424677,0.00599047589238683,0.008783510902106,-0.00933833054547428,0.00933833054547428,-0.00878351090210605,-0.0561271647029571,0.0612215864149874
"9",2012,"N",0.469344623585059,0.469344623585059,0.00171660150243724,0.00171660150243724,0.100638646048409,0.100638646048409,0.0397822123621667,0.0397822123621667,-0.0846117237036701,-0.0846117237036701,0.426129208218015,0.426129208218015,0.52635856433686,0.52635856433686,0.0941125217824261,0.0941125217824261,-0.019584596347876,-0.019584596347876,-0.470361807904641,-0.470361807904641,-0.284492927118571,-0.284492927118571,-0.214902107220782,-0.214902107220782,-0.0013563677898345,-0.0013563677898345,0.324972909253319,0.324972909253319,-0.000800998762776839,-0.000800998762776839,0.00219793868964158,0.00219793868964158,NA,NA,0.000872135776693317,0.000872135776693317,-0.000506338017334518,-0.000506338017334518,-0.0463690345443695,-0.0463690345443695,0.761960464609828,0.761960464609828,0.761960464609828,0.761960464609828,0,0,-0.00388564662142096,-0.00388564662142096,0.00192192441959166,0.00192192441959166,-0.00192192441959171,-0.00192192441959171,1.13309511186434,-0.402856936201644,0.190723022736726,-0.285831605647946,-0.0275772985926608,-0.062022479012164,0.114011361817592,0.025555889746621,-0.00679310775335651,-0.0431139485800607,0.63763770457329,0.143250385347628,0.823497797257865,0.138504358141049,0.10171270320658,-0.0255743677476232,0.186409452250775,-0.268080195313228,-0.241953151228529,-0.661304318428327,-0.349020821611525,-0.117405498391454,-0.11970164783251,-0.30267264390731,0.021436717493323,-0.158868085659612,0.175019640653804,0.489146831873935,0.00373517660102973,-0.0046410685058409,0.00460742448084805,0.00059336619535405,NA,NA,0.0062182602117915,-0.0031715548660497,0.00485228884740896,-0.00428112250484131,-0.115971792617302,-0.0929116920739403,1.87432876418325,-0.487138685418415,-0.487138685418415,1.87432876418325,2.36146744960166,-2.36146744960166,-0.00452213350065755,-0.00130551416839678,0.00440931178449677,-0.00237465141357601,0.00237465141357596,-0.00440931178449677,-0.0231845172721847,-0.0231845172721847
"10",2013,"A",-2.79209793811997,2.85696973420352,-0.732921378713911,0.813485493274353,-0.00731389284020878,0.0951373956575878,-0.124457632138171,0.155240670815946,0.0657525137482295,0.00436554538451617,-1.20179754855397,1.07475807683886,-1.52609562482573,1.39848011370349,-0.136309897937805,0.148835712789202,-0.670423505337826,0.68155638152578,-0.965354933531188,1.1425436627395,0.647398981425908,-0.577826243799317,-0.298819782800811,0.352971543409121,-0.429652167029768,0.472715316733064,0.856043392579501,-0.931092580602982,-0.0131814394043726,0.0138914796872944,-0.00771400677566386,0.00790865345999175,NA,NA,-0.0164383531862256,0.0166224883643803,-0.0143637526432713,0.0152504986956022,0.104912911600181,-0.0161933109014001,-4.34407149941188,4.3003405570439,4.3003405570439,-4.34407149941188,-8.64441205645577,8.64441205645577,0.00842797987015736,-0.00770814196656239,-0.00859213078325594,0.00892069929108685,-0.00892069929108685,0.00859213078325594,-2.58647372647047,2.61955464983657,-0.669287302101534,0.728306260990252,-0.0160685560600058,0.068405914432077,-0.117375844336673,0.145266976181632,0.057248770286769,0.0117463936322011,-1.13052327793073,1.01767515167444,-1.41797539353264,1.33528669728617,-0.110447618046669,0.12264987066156,-0.587605292225987,0.602585750511683,-0.917295010713937,1.05186234850808,0.669376865734991,-0.513105973872561,-0.270822729287615,0.350250402297558,-0.423423041619064,0.426808994998005,0.813672684197392,-0.880124301819414,-0.0120025157713793,0.0125765276407162,-0.00728860502063439,0.00713377943355675,NA,NA,-0.0151409506281757,0.015220256797394,-0.0131190223917307,0.0138667285428222,0.139846754567287,0.0201762167038737,-4.09469794508099,3.88966202936432,3.88966202936432,-4.09469794508099,-7.98435997444531,7.98435997444531,0.00859461476016748,-0.00688864844420214,-0.00742937315093845,0.00760572965330186,-0.00760572965330186,0.00742937315093839,0.0545806542716036,-0.0102208539222062
"11",2013,"H",2.85696973420352,-2.79209793811997,0.813485493274353,-0.732921378713911,0.0951373956575878,-0.00731389284020878,0.155240670815946,-0.124457632138171,0.00436554538451617,0.0657525137482295,1.07475807683886,-1.20179754855397,1.39848011370349,-1.52609562482573,0.148835712789202,-0.136309897937805,0.68155638152578,-0.670423505337826,1.1425436627395,-0.965354933531188,-0.577826243799317,0.647398981425908,0.352971543409121,-0.298819782800811,0.472715316733064,-0.429652167029768,-0.931092580602982,0.856043392579501,0.0138914796872944,-0.0131814394043726,0.00790865345999175,-0.00771400677566386,NA,NA,0.0166224883643803,-0.0164383531862256,0.0152504986956022,-0.0143637526432713,-0.0161933109014001,0.104912911600181,4.3003405570439,-4.34407149941188,-4.34407149941188,4.3003405570439,8.64441205645577,-8.64441205645577,-0.00770814196656239,0.00842797987015736,0.00892069929108685,-0.00859213078325594,0.00859213078325594,-0.00892069929108685,2.49568078489742,-2.41957408547168,0.697703186436652,-0.597440600943372,0.128021363516289,0.0617944036839617,0.132884307455808,-0.117674995940212,0.0109528195885353,0.0432176691951405,0.967390104568302,-1.10701788764472,1.24461516628447,-1.41524311790863,0.132932087653892,-0.0801042550954936,0.559900667199592,-0.539019260148923,1.04076179814592,-0.847401868355734,-0.587177303560187,0.554368536676767,0.311096210233369,-0.286136754742464,0.46308053769312,-0.356106220694586,-0.858368771640688,0.778903282022881,0.0115687190183938,-0.0112996899152539,0.00667393018223839,-0.00681894870152666,NA,NA,0.0140433273519419,-0.0145107770237507,0.012697773631466,-0.0124940149767779,-0.044457354532625,0.0735602235764219,3.80630550500389,-3.73847050378725,-3.73847050378725,3.80630550500389,7.54477600879115,-7.54477600879115,-0.00775137673068019,0.00717422692323863,0.00750387718684131,-0.00631030241553904,0.00631030241553909,-0.00750387718684131,-0.0102208539222062,0.0545806542716036
"12",2013,"N",-0.283028411980581,-0.283028411980581,-0.351492247529244,-0.351492247529244,-0.383164148946406,-0.383164148946406,-0.134302964907699,-0.134302964907699,-0.30591727261481,-0.30591727261481,0.554259047985594,0.554259047985594,0.556772243680502,0.556772243680502,-0.0546487333507439,-0.0546487333507439,-0.0485714972990081,-0.0485714972990081,-0.773054665915245,-0.773054665915245,-0.303538095696281,-0.303538095696281,-0.236258092672266,-0.236258092672266,-0.187879719866394,-0.187879719866394,0.327431238058583,0.327431238058583,-0.00309782657256474,-0.00309782657256474,-0.000849221777236786,-0.000849221777236786,NA,NA,-0.000803361248019496,-0.000803361248019496,-0.00386877413873399,-0.00386877413873399,-0.387073724072522,-0.387073724072522,0.190793224791875,0.190793224791875,0.190793224791875,0.190793224791875,0,0,-0.00314057249895686,-0.00314057249895686,-0.00143350775857132,-0.00143350775857132,0.00143350775857132,0.00143350775857132,0.396119479093429,-0.872492901017949,-0.123975334489494,-0.570952280990635,-0.488437614249406,-0.568049468343553,-0.0676616951258051,-0.120380732808315,-0.29755593096418,-0.239802076668092,0.711731843198224,0.389792393771637,0.75635133880759,0.348840946646273,-0.0980972334874561,-0.185621776139707,0.120872189443304,-0.27733350868505,-0.538671824874626,-0.892038274010204,-0.358627523089883,-0.180023960022375,-0.175708706173749,-0.27972069449768,-0.173021232871543,-0.308468319698555,0.195004045125085,0.441616021470608,0.00189260685740411,-0.00557070060661025,0.00268175777300184,-0.00137357137475275,NA,NA,0.00478880795014913,-0.00309538113308938,0.00183786136448211,-0.00598899620724758,-0.416173314776501,-0.408961635701857,1.25822405529064,-0.659631765611806,-0.659631765611806,1.25822405529064,1.91785582090245,-1.91785582090245,-0.00367895348696792,-0.00124594705707595,-0.000325052800150216,-0.00565180457572373,0.00565180457572367,0.000325052800150161,-0.193536862036268,-0.193536862036268
"13",2014,"A",-2.64936982219731,2.63971880656523,-0.667603390762942,0.679595605892576,0.0961838635311807,-0.0516004174052753,-0.0810104301419994,0.0931116434365951,0.0874496643667371,-0.0153931449978124,-1.23315261052944,1.18741595134347,-1.62779691786248,1.59398401859238,-0.209899356801673,0.186630743532776,-0.696238175492347,0.770735068654808,-0.889313844856471,1.06699886417363,0.534034248190226,-0.475999196625828,-0.198152816362886,0.248126447851161,-0.446287450771501,0.493093820131509,0.897343688210981,-0.945883736538182,-0.0125270672485525,0.0123793157641531,-0.0064025873944254,0.00568656341276119,NA,NA,-0.0150288951560023,0.0147351217130153,-0.0133705763686921,0.0133085643528287,0.123886824663586,-0.0128773893832346,-4.14063051999618,3.95232813823435,3.95232813823435,-4.14063051999618,-8.09295865823053,8.09295865823053,0.00706027290852079,-0.00645361167510455,-0.0108964809709257,0.00972385403438603,-0.00972385403438603,0.0108964809709257,-2.38275705095424,2.53453098067762,-0.591463017443065,0.631943825432117,0.0671802613814947,-0.0660297870927948,-0.0684712188289298,0.102625741892356,0.0653079291826835,0.0266733759537807,-1.13135979723919,1.16801758792102,-1.49066201254967,1.56457133558692,-0.199804335056433,0.161783856570704,-0.636435894557199,0.680842294279724,-0.837933496819302,1.0093709666664,0.56155084692187,-0.422720524602946,-0.178861665126247,0.250204425881031,-0.445619975653443,0.443414166904645,0.881282937184164,-0.878337343493843,-0.0109499833068182,0.0116602170230276,-0.00531983609950676,0.0053726881728049,NA,NA,-0.013253532477301,0.0141802342501153,-0.0116557012933589,0.0126890468162487,0.172644157837951,0.0378772193918024,-3.82300967222805,3.71885839538641,3.71885839538641,-3.82300967222805,-7.54186806761446,7.54186806761446,0.00730185070177974,-0.0058272957837216,-0.00993462250131544,0.00870408912813747,-0.00870408912813747,0.00993462250131538,0.0794703055180292,-0.0239655878778677
"14",2014,"H",2.63971880656523,-2.64936982219731,0.679595605892576,-0.667603390762942,-0.0516004174052753,0.0961838635311807,0.0931116434365951,-0.0810104301419994,-0.0153931449978124,0.0874496643667371,1.18741595134347,-1.23315261052944,1.59398401859238,-1.62779691786248,0.186630743532776,-0.209899356801673,0.770735068654808,-0.696238175492347,1.06699886417363,-0.889313844856471,-0.475999196625828,0.534034248190226,0.248126447851161,-0.198152816362886,0.493093820131509,-0.446287450771501,-0.945883736538182,0.897343688210981,0.0123793157641531,-0.0125270672485525,0.00568656341276119,-0.0064025873944254,NA,NA,0.0147351217130153,-0.0150288951560023,0.0133085643528287,-0.0133705763686921,-0.0128773893832346,0.123886824663586,3.95232813823435,-4.14063051999618,-4.14063051999618,3.95232813823435,8.09295865823053,-8.09295865823053,-0.00645361167510455,0.00706027290852079,0.00972385403438603,-0.0108964809709257,0.0108964809709257,-0.00972385403438603,2.22233100270022,-2.32576696917289,0.562236386857556,-0.550148597434795,0.00883648830847505,0.158875295075639,0.064400963933104,-0.0853968715209454,-0.00312694186587592,0.0278433433623242,1.033457265052,-1.14007290278236,1.39542362723802,-1.49647227645236,0.175245026959349,-0.144495939010259,0.655397039477794,-0.545706485711086,0.977430761728765,-0.776491992370181,-0.501505563962558,0.429506144113748,0.203442187232607,-0.18622508743259,0.485095816755727,-0.369428161059294,-0.883249786693682,0.797949268192358,0.00982262406016521,-0.0109743156514872,0.00395553389569148,-0.00558708069352343,NA,NA,0.0117346310591093,-0.0136062744816871,0.0104321662702335,-0.0119167829252085,-0.0539277066286985,0.074429576560604,3.39906828712772,-3.58513458887474,-3.58513458887474,3.39906828712772,6.98420287600246,-6.98420287600246,-0.00669090635062092,0.00568434104324364,0.00822142880160043,-0.00856416443514574,0.00856416443514574,-0.00822142880160037,-0.0239655878778677,0.0794703055180292
"15",2014,"N",0.0399398432387983,0.0399398432387983,-0.0496286826817958,-0.0496286826817958,-0.184504503690583,-0.184504503690583,-0.0500797615928565,-0.0500797615928565,-0.298199298149608,-0.298199298149608,0.189276970195236,0.189276970195236,0.139931583138555,0.139931583138555,0.0962950223861618,0.0962950223861618,-0.308298561322857,-0.308298561322857,-0.735333159527057,-0.735333159527057,-0.240172739346084,-0.240172739346084,-0.206811291557016,-0.206811291557016,-0.193703867662869,-0.193703867662869,0.200878539098021,0.200878539098021,0.000611455970040198,0.000611455970040198,0.00296319959193914,0.00296319959193914,NA,NA,0.00121575445609767,0.00121575445609767,0.000256631041427979,0.000256631041427979,-0.459402368841879,-0.459402368841879,0.779272140440014,0.779272140440014,0.779272140440014,0.779272140440014,0,0,-0.00251061188638702,-0.00251061188638702,0.00485280905225394,0.00485280905225394,-0.00485280905225394,-0.00485280905225394,0.663908490352313,-0.863950718891516,0.120951730727565,-0.338502050812448,-0.314588348197937,-0.384232621271558,0.016844376662311,-0.0713001002221709,-0.257330314293782,-0.225612443951778,0.405160652234862,-0.115646517044453,0.394135324680704,-0.281821711850981,0.1016364445817,-0.0715444615996237,-0.0784689596021764,-0.559247152415534,-0.577296639556121,-0.963748281170499,-0.248491897644763,-0.0280816641346728,-0.101724236813863,-0.264772625551332,-0.163367148644747,-0.306184301007057,0.00813962634389043,0.332678678410304,0.00466547286850166,-0.00283853993204963,0.00564603957011445,0.00088724378816385,NA,NA,0.00628583424275864,-0.0023752798721115,0.00506348750054675,-0.00319594329994505,-0.491297147564893,-0.464771377021037,1.75444254871968,-0.553403711377044,-0.553403711377044,1.75444254871968,2.30784626009672,-2.30784626009672,-0.00252833717642204,0.000591605085161345,0.00708989503411472,-0.000579065511481291,0.000579065511481236,-0.00708989503411472,-0.229701184420932,-0.229701184420932
"16",2015,"A",-2.54648957206207,2.81136786853818,-0.638014134889662,0.763403122300833,0.130629777723037,-0.0348558412848874,-0.10120508436229,0.161404336229624,0.0793836010303757,0.0266532967369209,-1.16925621792046,1.12315728770688,-1.52010845946115,1.47968312036378,-0.175401148498713,0.139938576386655,-0.736079330775819,0.75620912274648,-0.905907283308029,1.10305478422011,0.49883811786227,-0.507622907564992,-0.203721650924468,0.232918615853356,-0.457965769263529,0.473047152787326,0.824606909584261,-0.877352240061423,-0.012539822996158,0.0142115644960609,-0.00654056413502085,0.00780738076391257,NA,NA,-0.0156221332438505,0.0171172270917666,-0.0135997354856346,0.0157352366225595,0.136021321921106,-0.0313567522764799,-4.09305210147144,4.34907878483101,4.34907878483101,-4.09305210147144,-8.44213088630245,8.44213088630245,0.00670436557841136,-0.00695787976826151,-0.0103044324693288,0.00940579834681582,-0.00940579834681587,0.0103044324693288,-2.32862592952208,2.67131841664853,-0.580606760831632,0.706205620600663,0.10384803489471,-0.0395791586094845,-0.0916308389355569,0.152648141683152,0.0740850463205227,0.0276687843494337,-1.07578156892325,1.10625903376406,-1.38763545211252,1.4692675803302,-0.164403564820859,0.133295479449684,-0.667834375702526,0.688600468616627,-0.877375507109257,1.01729310245553,0.534461379327047,-0.44591587534039,-0.178160619022131,0.242460199781177,-0.446731263267179,0.425696522409787,0.818419738942335,-0.807663722883284,-0.0112926326006657,0.0132061874031111,-0.00596659306054353,0.00730007350822681,NA,NA,-0.0141540189931596,0.0160790463343681,-0.012239459268665,0.0146463727812061,0.192153380113112,0.027687221945726,-3.85607818755287,4.04375703104631,4.04375703104631,-3.85607818755287,-7.89983521859917,7.89983521859917,0.00704194393482591,-0.00626506655152573,-0.00946288724943145,0.00872886159184338,-0.00872886159184338,0.00946288724943145,0.0930426091286165,-0.0407103243063034
"17",2015,"H",2.81136786853818,-2.54648957206207,0.763403122300833,-0.638014134889662,-0.0348558412848874,0.130629777723037,0.161404336229624,-0.10120508436229,0.0266532967369209,0.0793836010303757,1.12315728770688,-1.16925621792046,1.47968312036378,-1.52010845946115,0.139938576386655,-0.175401148498713,0.75620912274648,-0.736079330775819,1.10305478422011,-0.905907283308029,-0.507622907564992,0.49883811786227,0.232918615853356,-0.203721650924468,0.473047152787326,-0.457965769263529,-0.877352240061423,0.824606909584261,0.0142115644960609,-0.012539822996158,0.00780738076391257,-0.00654056413502085,NA,NA,0.0171172270917666,-0.0156221332438505,0.0157352366225595,-0.0135997354856346,-0.0313567522764799,0.136021321921106,4.34907878483101,-4.09305210147144,-4.09305210147144,4.34907878483101,8.44213088630245,-8.44213088630245,-0.00695787976826151,0.00670436557841136,0.00940579834681582,-0.0103044324693288,0.0103044324693288,-0.00940579834681587,2.38361861094194,-2.26824926928025,0.635209214789722,-0.530630749023302,-0.015952291710704,0.180052576667784,0.121615227219458,-0.0941821252727104,-0.00900264189349542,0.0529906941908855,0.991584954143033,-1.11280564596094,1.30238878471404,-1.45745955110499,0.128694096430161,-0.129172581318072,0.641566577488241,-0.617600115632143,1.0240555717196,-0.768622869169699,-0.529413307049733,0.39021643016207,0.182050881716805,-0.196987168424229,0.461076766686459,-0.375546393405358,-0.846497752993606,0.733498394440343,0.0117304093143513,-0.0109810267378803,0.00631091566243497,-0.00566186401888102,NA,NA,0.0142231315515982,-0.0140564537675566,0.0128751755591019,-0.0120155770163405,-0.101008629916421,0.0581593856617246,3.81440311497988,-3.54773091926815,-3.54773091926815,3.81440311497988,7.36213403424804,-7.36213403424804,-0.00709188569285987,0.0053468381281056,0.00809484572661961,-0.00838736449386784,0.00838736449386779,-0.00809484572661967,-0.0407103243063034,0.0930426091286165
"18",2015,"N",-1.14288315332045,-1.14288315332045,-0.541021907912594,-0.541021907912594,-0.41324041999124,-0.41324041999124,-0.259744613722545,-0.259744613722545,-0.457522513927593,-0.457522513927593,0.198905276227281,0.198905276227281,0.174425159162919,0.174425159162919,0.153012069238892,0.153012069238892,-0.08685498370075,-0.08685498370075,-0.850641824978569,-0.850641824978569,0.0379041555698283,0.0379041555698283,-0.12597755191439,-0.12597755191439,-0.0650723724345141,-0.0650723724345141,0.227582819810646,0.227582819810646,-0.00721314362997666,-0.00721314362997666,-0.00546599477106324,-0.00546599477106324,NA,NA,-0.00645095349127789,-0.00645095349127789,-0.00921414968971751,-0.00921414968971751,-0.451601263628632,-0.451601263628632,-1.10469067154604,-1.10469067154604,-1.10469067154604,-1.10469067154604,0,0,0.00109384989469524,0.00109384989469524,0.00387737996386439,0.00387737996386439,-0.0038773799638645,-0.0038773799638645,-0.237279573248671,-1.73914187866278,-0.235595840009818,-0.75756136135627,-0.379247999817309,-0.606107427917017,-0.129375085419207,-0.25226613915225,-0.280814187446826,-0.348025339960838,0.36328719219018,0.0282469832020151,0.367817904836247,-0.0509486728620239,0.154077364513094,-0.0177892672980899,0.113338935100842,-0.306348645341323,-0.632887544964401,-1.07294944182143,-0.0217811607792733,0.240329080904301,-0.0167855039649654,-0.196204680261364,-0.0618972350770721,-0.216385178923782,0.121149560627707,0.320004717508311,-0.00188889628800709,-0.00960100797821728,-0.0014856653272256,-0.00706846144773465,NA,NA,-0.000298203287219745,-0.00872697763989339,-0.00274295572078836,-0.0113512212948066,-0.393266646981729,-0.370406495773921,0.179817444429091,-2.14022777366149,-2.14022777366149,0.179817444429091,2.32004521809059,-2.32004521809059,0.000215486110653723,0.00396192443846197,0.00590275470004592,-0.00147347398928671,0.00147347398928666,-0.00590275470004586,-0.225800631814309,-0.225800631814309
"19",2016,"A",-2.69949550460147,2.76170599727588,-0.672488846297206,0.720293798675677,0.137338510538058,-0.0977470130330715,-0.143877734732829,0.171099319918818,-0.0329376223290225,0.113286824896676,-1.21064007727422,1.15001908000572,-1.53835718314622,1.47687018439654,-0.185195290910061,0.18172168864772,-0.803600266148791,0.810500693383958,-0.980437496644196,1.12615407615514,0.470713570456894,-0.390362774974896,-0.152569219315788,0.211636037254925,-0.453326560727761,0.466573314115793,0.863442522560913,-0.892085220451186,-0.0124446098121542,0.0129275071829791,-0.00637916884695805,0.00615588619760271,NA,NA,-0.0157014253119823,0.016010628105711,-0.0138357464979391,0.0145175563901838,0.116370211320671,-0.0200085955212188,-4.04911046815565,3.98827041615843,3.98827041615843,-4.04911046815565,-8.03738088431408,8.03738088431408,0.00600734912076631,-0.00515863424527641,-0.0103660203992056,0.0102576673629455,-0.0102576673629455,0.0103660203992056,-2.48885535347344,2.60635852956277,-0.608455891470136,0.661960039595328,0.116994197072344,-0.103429768825194,-0.137899764775455,0.172521062539579,-0.0440525958112978,0.151397841167434,-1.13404380575772,1.10991738783253,-1.4348489063216,1.43178340906857,-0.177876469767876,0.151269027016694,-0.713294705008543,0.741386697056978,-0.95025279833057,1.04689107353392,0.494309306548827,-0.350420787763278,-0.140664358983175,0.21687201120841,-0.448380779013691,0.418314746647325,0.837608105302518,-0.84017563421796,-0.0112165563800569,0.0119864615061636,-0.00594336748010105,0.00555515817955599,NA,NA,-0.0143503939089473,0.015057146481681,-0.0125412664643639,0.0135877947570459,0.157846454607537,0.0248651163850013,-3.81647277553888,3.69410669835364,3.69410669835364,-3.81647277553888,-7.51057947389253,7.51057947389253,0.00621216720699372,-0.00468880396120019,-0.0096837508949944,0.0089036974697187,-0.00890369746971864,0.0096837508949944,0.0821377316097767,-0.0339569237100363
"20",2016,"H",2.76170599727588,-2.69949550460147,0.720293798675677,-0.672488846297206,-0.0977470130330715,0.137338510538058,0.171099319918818,-0.143877734732829,0.113286824896676,-0.0329376223290225,1.15001908000572,-1.21064007727422,1.47687018439654,-1.53835718314622,0.18172168864772,-0.185195290910061,0.810500693383958,-0.803600266148791,1.12615407615514,-0.980437496644196,-0.390362774974896,0.470713570456894,0.211636037254925,-0.152569219315788,0.466573314115793,-0.453326560727761,-0.892085220451186,0.863442522560913,0.0129275071829791,-0.0124446098121542,0.00615588619760271,-0.00637916884695805,NA,NA,0.016010628105711,-0.0157014253119823,0.0145175563901838,-0.0138357464979391,-0.0200085955212188,0.116370211320671,3.98827041615843,-4.04911046815565,-4.04911046815565,3.98827041615843,8.03738088431408,-8.03738088431408,-0.00515863424527641,0.00600734912076631,0.0102576673629455,-0.0103660203992056,0.0103660203992056,-0.0102576673629455,2.35934175025191,-2.35523226154072,0.600383718500296,-0.547664553263527,-0.0570028770174602,0.177432687052168,0.149783244094567,-0.126886422487932,0.107382562252617,-0.0624920744119493,1.00879106915675,-1.13301673252573,1.27841792765208,-1.45677512850008,0.160868581450748,-0.140156949135376,0.665012655194317,-0.66891366867327,1.03283767485063,-0.848181341689282,-0.425317293492261,0.371252689769465,0.167072653845674,-0.162198750630397,0.450571511736515,-0.371220086582093,-0.853219066193414,0.763624270379356,0.0106008706499587,-0.0106098555907126,0.00530090745741429,-0.00501928207102798,NA,NA,0.0134140595638222,-0.0137239993808317,0.0119703873890831,-0.0118867222944655,-0.0806848637935644,0.0478612694169698,3.51292233143192,-3.44360770161373,-3.44360770161373,3.51292233143192,6.95653003304566,-6.95653003304566,-0.00544704857388931,0.00480679537174278,0.00879311067481719,-0.00831014427199767,0.00831014427199761,-0.00879311067481714,-0.0339569237100363,0.0821377316097767
"21",2016,"N",-0.259336610331459,-0.259336610331459,-0.19928429713249,-0.19928429713249,-0.165044903512111,-0.165044903512111,-0.113478503810118,-0.113478503810118,-0.33495137139942,-0.33495137139942,0.252710487743649,0.252710487743649,0.256320584353009,0.256320584353009,0.0144803906484086,0.0144803906484086,-0.0287657810133837,-0.0287657810133837,-0.607448071456915,-0.607448071456915,-0.334958011774519,-0.334958011774519,-0.246231587130629,-0.246231587130629,-0.0552216832541075,-0.0552216832541075,0.119402690161717,0.119402690161717,-0.00201305217020414,-0.00201305217020414,0.000930797409573692,0.000930797409573692,NA,NA,-0.00128897234185676,-0.00128897234185676,-0.00284225793340942,-0.00284225793340942,-0.401702248819717,-0.401702248819717,0.253623660238887,0.253623660238887,0.253623660238887,0.253623660238887,0,0,-0.00353803401139013,-0.00353803401139013,0.000451690831157536,0.000451690831157536,-0.000451690831157481,-0.000451690831157481,0.539902794646991,-1.04686898165016,0.0336504323629576,-0.476463096934481,-0.250085555080972,-0.308495643460951,-0.0495386085702778,-0.190236925571821,-0.264003355756234,-0.370621083326775,0.522140538491353,0.0962941377906166,0.652113140644964,0.10418287213448,0.0709007100802701,-0.0463228707504708,0.20127317113861,-0.302117998323048,-0.344271215684484,-0.82836039518541,-0.287606704863631,-0.0868418593196996,-0.110088143974628,-0.227916183661735,-0.00913249797671334,-0.196323304654545,0.0650773447921402,0.319119337601965,0.0025666064261658,-0.00573865109449723,0.00267822030326981,-0.00223390440372467,NA,NA,0.00390329291350411,-0.00555748452301918,0.00237982111904023,-0.00709125337879135,-0.321663188141088,-0.303174168291008,1.26540941656415,-1.04425407858356,-1.04425407858356,1.26540941656415,2.30966349514771,-2.30966349514771,-0.00318954671921953,-0.000491870280122791,0.00371280801350415,-0.00247434263467367,0.00247434263467372,-0.00371280801350415,-0.200851124409866,-0.200851124409866
"22",2017,"A",-2.53980951950392,2.80061157701475,-0.608707751581687,0.765901379125005,0.211002860723696,-0.160270852013426,-0.130464572486318,0.178478516944576,0.028099891749612,0.0366469002966205,-1.19192944385422,1.09033030182017,-1.50851084136421,1.43937325286135,-0.0786312228275197,0.0416522876998933,-0.75550105362036,0.715001343711304,-0.930702421945442,1.13579747382274,0.527869325959246,-0.453368947961955,-0.177431677931238,0.231157023340391,-0.459194124842083,0.459921989395983,0.840409291952049,-0.896509615698566,-0.0117032693065819,0.0139713229619849,-0.00563428983499681,0.00660597704499444,NA,NA,-0.0150279285995785,0.016750841958817,-0.0129791608900569,0.0156155837851257,0.153758639310212,-0.021967856416282,-3.84472186483794,4.01146967341948,4.01146967341948,-3.84472186483794,-7.85619153825743,7.85619153825743,0.00650804535104924,-0.0057144856581233,-0.00758202238471123,0.00721683630820091,-0.00721683630820102,0.00758202238471117,-2.27140209267272,2.68236947247067,-0.527551258938921,0.717602879877656,0.218711953603936,-0.143062701964176,-0.109134533024809,0.175668749042196,0.0539958152609294,0.0680818713939217,-1.10716504177006,1.07149496367316,-1.38714056130253,1.43626323499908,-0.0557562236383671,0.0486086389685898,-0.677647498013599,0.651943735682284,-0.873750065007535,1.04987056255375,0.537042255595857,-0.409029541634265,-0.167953467482599,0.227279125308772,-0.458964518966028,0.407633844106295,0.836205971263674,-0.826603793757442,-0.0103847929540631,0.0130693820093339,-0.00512823896454889,0.00602318150024461,NA,NA,-0.013531895111387,0.015764471294575,-0.0114951162269805,0.0146717084006581,0.201168585865048,0.031254940832568,-3.53508273789105,3.76216394984689,3.76216394984689,-3.53508273789105,-7.29724668773794,7.29724668773794,0.00648780095910342,-0.00527659048054974,-0.0065997449420932,0.00671081991168282,-0.00671081991168276,0.00659974494209326,0.102772012297521,-0.0368766208505633
"23",2017,"H",2.80061157701475,-2.53980951950392,0.765901379125005,-0.608707751581687,-0.160270852013426,0.211002860723696,0.178478516944576,-0.130464572486318,0.0366469002966205,0.028099891749612,1.09033030182017,-1.19192944385422,1.43937325286135,-1.50851084136421,0.0416522876998933,-0.0786312228275197,0.715001343711304,-0.75550105362036,1.13579747382274,-0.930702421945442,-0.453368947961955,0.527869325959246,0.231157023340391,-0.177431677931238,0.459921989395983,-0.459194124842083,-0.896509615698566,0.840409291952049,0.0139713229619849,-0.0117032693065819,0.00660597704499444,-0.00563428983499681,NA,NA,0.016750841958817,-0.0150279285995785,0.0156155837851257,-0.0129791608900569,-0.021967856416282,0.153758639310212,4.01146967341948,-3.84472186483794,-3.84472186483794,4.01146967341948,7.85619153825743,-7.85619153825743,-0.0057144856581233,0.00650804535104924,0.00721683630820091,-0.00758202238471123,0.00758202238471117,-0.00721683630820102,2.30855081252612,-2.19917451334686,0.625673732483076,-0.487656893590657,-0.134296100820407,0.220280678652031,0.134193802724008,-0.105790496800356,-0.00921529503812479,0.00719759204978132,0.92300954483596,-1.11807022936519,1.2001988986315,-1.45454144849325,0.00777724040333538,-0.0696366517134024,0.561416754298492,-0.615110284238057,1.0194622740632,-0.779717873376168,-0.485410278880954,0.415594631399054,0.185818625422187,-0.176534766283227,0.451985011437692,-0.365842270984985,-0.872772247068671,0.714691830315722,0.011375539033637,-0.00979024744995777,0.00534481290450634,-0.00428166157540888,NA,NA,0.0137271235291142,-0.0127982237710677,0.0126280270602582,-0.0108641542497069,-0.099396104706841,0.0655137244274613,3.42784853338712,-3.22371546401295,-3.22371546401295,3.42784853338712,6.65156399740007,-6.65156399740007,-0.00590935424351763,0.00524400666379857,0.00536370955150112,-0.00610425642637591,0.00610425642637591,-0.00536370955150112,-0.0368766208505633,0.102772012297521
"24",2017,"N",-1.04604303501633,-1.04604303501633,-0.630483136559615,-0.630483136559615,-0.203479469718332,-0.203479469718332,-0.192577668533667,-0.192577668533667,-0.259690937663699,-0.259690937663699,0.40750090663658,0.40750090663658,0.277301849538624,0.277301849538624,0.148317685457551,0.148317685457551,0.162439053874362,0.162439053874362,-0.822609501551357,-0.822609501551357,-0.298811298706532,-0.298811298706532,-0.215485352782367,-0.215485352782367,-0.00291936978683971,-0.00291936978683971,0.225011081113752,0.225011081113752,-0.00909686737873583,-0.00909686737873583,-0.0038973106574906,-0.0038973106574906,NA,NA,-0.00691038075607586,-0.00691038075607586,-0.0105743483508738,-0.0105743483508738,-0.528595640085427,-0.528595640085427,-0.668803710506467,-0.668803710506467,-0.668803710506467,-0.668803710506467,0,0,-0.00318286442053978,-0.00318286442053978,0.00146471371991613,0.00146471371991613,-0.00146471371991619,-0.00146471371991619,-0.14899866984679,-1.93803195561615,-0.393556442802097,-0.922283358042417,-0.338580974751324,-0.309711232584995,-0.100509462163091,-0.280272555187381,-0.179608825676244,-0.301936108812242,0.738623677920492,0.186807315656058,0.749798625278387,0.0733115302102902,0.192437443627464,0.0843406163351688,0.46618635250951,-0.147734169379561,-0.584432664581959,-1.08354719898398,-0.207089123997815,-0.0263317187305177,-0.0716548182576977,-0.203529005222019,0.0279938943256082,-0.167620548714819,0.146662562739607,0.448864288152112,-0.00397375329742156,-0.0131521810044541,-0.000868649824394552,-0.00698500926374324,NA,NA,-0.000783035718927794,-0.011897231914937,-0.00454395758129855,-0.0152716030619673,-0.408196147254117,-0.388126494358147,0.430102407195093,-2.15964664426875,-2.15964664426875,0.430102407195093,2.58974905146385,-2.58974905146385,-0.002320074326643,0.00013068943892583,0.00495757672965735,-0.00243284702258961,0.00243284702258961,-0.00495757672965735,-0.264297820042714,-0.264297820042714
"25",2018,"A",-2.79625475409715,3.03391027619321,-0.657179433120113,0.820990610748698,0.225570428853814,-0.128095750381618,-0.175273593085807,0.222888094818935,-0.015678370362842,0.0509604430902577,-1.30662229477113,1.16904095987688,-1.6215664263393,1.49980395176808,-0.0812757029474103,0.0770698161668584,-0.821771170648535,0.794481179466359,-0.984373361634878,1.13344573174302,0.545584817963082,-0.471336009277362,-0.210154312858194,0.262793253467271,-0.443557974911624,0.477269265531242,0.809226808576344,-0.895180962470242,-0.0126367882261603,0.0146377151347717,-0.0071273831940396,0.00830252182620383,NA,NA,-0.0167992531522348,0.0181624775180922,-0.0143632737513819,0.0166485491679474,0.138941722175019,-0.0165878370478794,-4.20612127335241,4.36335286611715,4.36335286611715,-4.20612127335241,-8.56947413946956,8.56947413946956,0.00682782796919645,-0.00606428101131401,-0.00807376357424461,0.00828143595065317,-0.00828143595065312,0.00807376357424472,-2.51139921258144,2.91262683038964,-0.570683822194784,0.775643423709127,0.258543662309783,-0.0741056725203535,-0.158534127175291,0.226879816513045,-0.00208302142781136,0.0958883139507378,-1.21149744101657,1.13446016645835,-1.48238882195037,1.46934055236704,-0.0518557024703519,0.0767043569776487,-0.705652574310612,0.752173014444136,-0.936331962464303,1.05914171290593,0.568467976914436,-0.420942532201842,-0.201445861457898,0.261203709665529,-0.443822263886287,0.423677676197357,0.791498238767854,-0.823428383211645,-0.0114553316730338,0.0134901983402254,-0.00664742541576663,0.00780923295413888,NA,NA,-0.0154556032629932,0.0169667835687954,-0.0130669150311031,0.0154804835277315,0.226616260036408,0.0747572813416468,-3.93699041469536,4.05691261356641,4.05691261356641,-3.93699041469536,-7.99390302826177,7.99390302826177,0.00689108789781032,-0.00561526031069329,-0.0071174318415369,0.00727618726318396,-0.00727618726318391,0.0071174318415369,0.135569742371345,-0.0743927998077822
"26",2018,"H",3.03391027619321,-2.79625475409715,0.820990610748698,-0.657179433120113,-0.128095750381618,0.225570428853814,0.222888094818935,-0.175273593085807,0.0509604430902577,-0.015678370362842,1.16904095987688,-1.30662229477113,1.49980395176808,-1.6215664263393,0.0770698161668584,-0.0812757029474103,0.794481179466359,-0.821771170648535,1.13344573174302,-0.984373361634878,-0.471336009277362,0.545584817963082,0.262793253467271,-0.210154312858194,0.477269265531242,-0.443557974911624,-0.895180962470242,0.809226808576344,0.0146377151347717,-0.0126367882261603,0.00830252182620383,-0.0071273831940396,NA,NA,0.0181624775180922,-0.0167992531522348,0.0166485491679474,-0.0143632737513819,-0.0165878370478794,0.138941722175019,4.36335286611715,-4.20612127335241,-4.20612127335241,4.36335286611715,8.56947413946956,-8.56947413946956,-0.00606428101131401,0.00682782796919645,0.00828143595065317,-0.00807376357424461,0.00807376357424472,-0.00828143595065312,2.5286163283813,-2.42101182475542,0.657750184600026,-0.518857530318741,-0.1632811612334,0.231388013528395,0.189886090119922,-0.138722894033022,0.0318008113936621,0.00136264117753981,1.02322986906133,-1.24457387008492,1.2847695919578,-1.56932118639364,0.0283052599366034,-0.065904328908104,0.61829495362446,-0.708816109406008,1.01621763546868,-0.824329026681752,-0.502650098455357,0.414340352986176,0.21529366446975,-0.207992597701178,0.455991756775303,-0.357437559778985,-0.863897229630862,0.699811286668947,0.0121503164890556,-0.0103706601855123,0.00714226088972897,-0.00580278181029825,NA,NA,0.0154314470057204,-0.0142819372768619,0.0139016240322087,-0.011802882925836,-0.12893789916393,0.0211313734094745,3.81390082700928,-3.49630737795529,-3.49630737795529,3.81390082700928,7.31020820496456,-7.31020820496456,-0.00615292287056637,0.00538325140583348,0.0063580522334038,-0.00630464739384762,0.00630464739384762,-0.0063580522334038,-0.0743927998077822,0.135569742371345
"27",2018,"N",-0.920434453295968,-0.920434453295968,-0.634436980022691,-0.634436980022691,-0.377517221558612,-0.377517221558612,-0.184409886566735,-0.184409886566735,-0.136646668403046,-0.136646668403046,0.53284939331615,0.53284939331615,0.471583305641129,0.471583305641129,0.016289304222088,0.016289304222088,0.105693517628708,0.105693517628708,-0.577353912384853,-0.577353912384853,-0.287563954027943,-0.287563954027943,-0.203869424511045,-0.203869424511045,-0.130563064883588,-0.130563064883588,0.332898490849598,0.332898490849598,-0.00774954458861055,-0.00774954458861055,-0.00455128530110882,-0.00455128530110882,NA,NA,-0.00527973708686069,-0.00527973708686069,-0.00885081991836589,-0.00885081991836589,-0.473873825326535,-0.473873825326535,-0.608954396897133,-0.608954396897133,-0.608954396897133,-0.608954396897133,0,0,-0.0029572000706983,-0.0029572000706983,-0.000804310409278086,-0.000804310409278086,0.000804310409278197,0.000804310409278197,-0.0666814994611258,-1.90401377991186,-0.337206049218352,-0.994525947944801,-0.368949508618655,-0.609150943693756,-0.121425442245909,-0.341429763682742,-0.115096327319197,-0.37665074611575,0.729156041221477,0.426467879660487,0.765374800950188,0.387222730651573,0.0912103304280336,-0.0418282640525192,0.338334085942233,-0.167920311017394,-0.30939540183816,-0.909424214364989,-0.254911152252113,0.0255700905383449,-0.0536322273606249,-0.206085431208212,-0.0471321702748551,-0.256546470303194,0.280399651505842,0.478766214522569,-0.00269166044846003,-0.0120819006040548,-0.00191648658079108,-0.00777093982650884,NA,NA,9.35566371886853e-05,-0.0103983488668979,-0.00323280905201651,-0.0142432638198004,-0.378306078880726,-0.371374587616202,0.476723184670945,-2.17121137772692,-2.17121137772692,0.476723184670945,2.64793456239785,-2.64793456239785,-0.00285889642833073,0.000898565232656884,0.00294106001952532,-0.00376275190494579,0.00376275190494579,-0.00294106001952532,-0.236936912663268,-0.236936912663268
"28",2019,"A",-2.66863292263699,2.79737449392667,-0.662422698875254,0.741574004874231,0.222698060692366,-0.101570583724609,-0.181842927146483,0.22874627763308,-0.0110972409740597,0.103035433109174,-1.16194459774001,1.08548020654512,-1.50865186566919,1.4464367210634,-0.0578695831514704,0.0640916859049767,-0.663869107539266,0.754342676556323,-0.930819919688966,1.09348992785945,0.49751627252172,-0.494037085533492,-0.20831486432947,0.25522036434791,-0.441007003627278,0.453306964234279,0.812021290773508,-0.896672569959907,-0.0128221812512047,0.013298912598471,-0.00785905352513905,0.0084969412007122,NA,NA,-0.0163612491327431,0.0165672784169598,-0.0146459922849442,0.0153858155271513,0.114277095471124,-0.0232671978951799,-3.97041240383,4.02319548294462,4.02319548294462,-3.97041240383,-7.99360788677461,7.99360788677461,0.00620862149033247,-0.00634641003547975,-0.00736169393816016,0.00671663384514293,-0.00671663384514287,0.00736169393816022,-2.41311668945664,2.64716018111129,-0.582321779941733,0.69598659661397,0.209820359809129,-0.106386207657458,-0.158243358242713,0.21588529764542,-0.00830400750453464,0.0821629831037107,-1.09022977133046,1.03930169023793,-1.41892047386198,1.383830878848,-0.0664034956486521,0.0386947649156575,-0.597005817789775,0.690719436348729,-0.889165418574427,1.02301469749725,0.5120629684882,-0.435328817418949,-0.194282016992751,0.24833129461187,-0.438281632756008,0.400263668780262,0.780565448256123,-0.842761970860689,-0.0113538967994071,0.0125577848124586,-0.00687130826400134,0.00816839341555942,NA,NA,-0.0146571644793525,0.0156903167414563,-0.0129578351741099,0.0145301596742684,0.163961815446712,0.0284757967010592,-3.68250587081049,3.73336303849942,3.73336303849942,-3.68250587081049,-7.4158689093099,7.4158689093099,0.00631951572984008,-0.00564867699535837,-0.00699126150443563,0.00569301415507018,-0.00569301415507018,0.00699126150443563,0.103058509433637,-0.0575535606456725
"29",2019,"H",2.79737449392667,-2.66863292263699,0.741574004874231,-0.662422698875254,-0.101570583724609,0.222698060692366,0.22874627763308,-0.181842927146483,0.103035433109174,-0.0110972409740597,1.08548020654512,-1.16194459774001,1.4464367210634,-1.50865186566919,0.0640916859049767,-0.0578695831514704,0.754342676556323,-0.663869107539266,1.09348992785945,-0.930819919688966,-0.494037085533492,0.49751627252172,0.25522036434791,-0.20831486432947,0.453306964234279,-0.441007003627278,-0.896672569959907,0.812021290773508,0.013298912598471,-0.0128221812512047,0.0084969412007122,-0.00785905352513905,NA,NA,0.0165672784169598,-0.0163612491327431,0.0153858155271513,-0.0146459922849442,-0.0232671978951799,0.114277095471124,4.02319548294462,-3.97041240383,-3.97041240383,4.02319548294462,7.99360788677461,-7.99360788677461,-0.00634641003547975,0.00620862149033247,0.00671663384514293,-0.00736169393816016,0.00736169393816022,-0.00671663384514287,2.30218028506403,-2.38743934752304,0.579369314124925,-0.567176249528231,-0.133925207854475,0.244335521383555,0.185061832930304,-0.163556876334507,0.0904650284190858,0.00672693554521686,0.958379823883879,-1.08952997213207,1.28630850445589,-1.42509970555055,0.0554088061770841,-0.0120099841265908,0.623751164614863,-0.561793531962753,0.977851662268346,-0.825285000718425,-0.498415782488193,0.379606626958184,0.211429259679909,-0.191090788136003,0.438131904608785,-0.368041161849531,-0.85870469861776,0.721003141778983,0.0107684693286885,-0.0113827182637327,0.00678646807063427,-0.00726056866876695,NA,NA,0.0136832502526048,-0.014713066262658,0.0125164677500367,-0.0130597143464594,-0.121774054559168,0.00890826202608253,3.46331189608462,-3.41260562614467,-3.41260562614467,3.46331189608462,6.8759175222293,-6.8759175222293,-0.00619995002883714,0.00482366362893666,0.00570018284189339,-0.0054386725401131,0.0054386725401131,-0.00570018284189333,-0.0575535606456725,0.103058509433637
"30",2019,"N",-0.513063700361315,-0.513063700361315,-0.315435500261952,-0.315435500261952,-0.482719846635092,-0.482719846635092,-0.186920248983534,-0.186920248983534,-0.36639407604584,-0.36639407604584,0.304727549146113,0.304727549146113,0.247941142788612,0.247941142788612,-0.0247964587565779,-0.0247964587565779,-0.360557228250233,-0.360557228250233,-0.648276042413405,-0.648276042413405,-0.013865331396433,-0.013865331396433,-0.186928815344427,-0.186928815344427,-0.0490180696111504,-0.0490180696111504,0.337354112619693,0.337354112619693,-0.00189988009821884,-0.00189988009821884,-0.00254212379083102,-0.00254212379083102,NA,NA,-0.000821072369119769,-0.000821072369119769,-0.00294835962042184,-0.00294835962042184,-0.362694616447953,-0.362694616447953,-0.210352270954246,-0.210352270954246,-0.210352270954246,-0.210352270954246,0,0,0.000549117896670753,0.000549117896670753,0.00257070746429056,0.00257070746429056,-0.00257070746429056,-0.00257070746429056,0.442106163318343,-1.03504509543298,0.0117662307674813,-0.513337787154502,-0.30245900458776,-0.549758595095625,-0.106877566612122,-0.208540358820342,-0.327429881378681,-0.354246030477746,0.525451268395496,0.20017083769636,0.528488094825288,0.164465422671739,0.043816274790629,-0.106344766789929,-0.106586135869446,-0.513798308612085,-0.353434340632415,-0.787996673369793,-0.0543870614482991,0.22206528119586,-0.0683355632212352,-0.228116107088557,0.000596699857656091,-0.128413833039219,0.311402234199821,0.48523592476403,0.00233305824537622,-0.00468290067940519,0.000338106977507246,-0.00361788285790698,NA,NA,0.00388126408590594,-0.00389455978989039,0.0017589470250009,-0.00586005059210604,-0.168127579103555,-0.148983761134275,0.873536579079911,-1.27828939209354,-1.27828939209354,0.873536579079911,2.15182597117345,-2.15182597117345,-0.000476495823208828,0.00328786114992696,0.00514523466993438,-0.00101360771675008,0.00101360771675008,-0.00514523466993444,-0.181347308223977,-0.181347308223977
"31",2020,"A",-2.66563584528815,2.90646575241772,-0.670560090508371,0.773315370368319,0.070983006767527,0.0734410157802259,-0.215740192261086,0.234280291147353,-0.0914629167266412,0.154747652712114,-1.10975723777854,1.12641646152502,-1.34179315786495,1.40032072988597,-0.104220604771097,0.170461902398097,-0.674479810617665,0.713885613388889,-1.02147317073321,1.14300859903328,0.528255185746993,-0.565149156735597,-0.250296448127767,0.265885444539173,-0.378703121905191,0.4131854483529,0.818097452737458,-0.826105742674262,-0.0119959310071562,0.0126891029086793,-0.00804700691546906,0.00830191057249297,NA,NA,-0.0160430336270497,0.0164580017796572,-0.0139122310026484,0.0145878597898014,0.113069807825028,-0.0460289222036465,-3.9913221148112,4.24405932836372,4.24405932836372,-3.9913221148112,-8.23538144317492,8.23538144317492,0.00667046329471355,-0.00744584672295534,-0.00766425486245687,0.0088254965942246,-0.00882549659422449,0.00766425486245692,-2.36751967093221,2.76146257218279,-0.559780762843605,0.730162618518278,0.108267114178091,0.0550447548905311,-0.196269845154859,0.21941829396759,-0.0895318618315386,0.141392368719504,-1.05261699108212,1.0825582373549,-1.26061159699674,1.35453815973905,-0.0997370844994219,0.125143271766227,-0.606976090090701,0.651136967095102,-0.944705169404662,1.07525300358059,0.517550549971723,-0.512001674775194,-0.230985845215431,0.246718089750114,-0.383601907377386,0.368018648802063,0.792463020738047,-0.787417216085057,-0.0103649074812566,0.0121046115800948,-0.007319836901856,0.00779133285921096,NA,NA,-0.0143647851520831,0.0156649082497465,-0.012162071386956,0.0138874261073111,0.170885645970671,0.0138965986342896,-3.65155776577079,3.95326304921542,3.95326304921542,-3.65155776577079,-7.60482081498621,7.60482081498621,0.00640952149281576,-0.00681243948307977,-0.00712955438837271,0.00736453399486831,-0.00736453399486836,0.00712955438837271,0.0985841871575701,-0.0650637443468725
"32",2020,"H",2.90646575241772,-2.66563584528815,0.773315370368319,-0.670560090508371,0.0734410157802259,0.070983006767527,0.234280291147353,-0.215740192261086,0.154747652712114,-0.0914629167266412,1.12641646152502,-1.10975723777854,1.40032072988597,-1.34179315786495,0.170461902398097,-0.104220604771097,0.713885613388889,-0.674479810617665,1.14300859903328,-1.02147317073321,-0.565149156735597,0.528255185746993,0.265885444539173,-0.250296448127767,0.4131854483529,-0.378703121905191,-0.826105742674262,0.818097452737458,0.0126891029086793,-0.0119959310071562,0.00830191057249297,-0.00804700691546906,NA,NA,0.0164580017796572,-0.0160430336270497,0.0145878597898014,-0.0139122310026484,-0.0460289222036465,0.113069807825028,4.24405932836372,-3.9913221148112,-3.9913221148112,4.24405932836372,8.23538144317492,-8.23538144317492,-0.00744584672295534,0.00667046329471355,0.0088254965942246,-0.00766425486245687,0.00766425486245692,-0.00882549659422449,2.47346267982267,-2.43820229738085,0.628890878830106,-0.603712226639221,0.0273386895125967,0.0674072595599924,0.209455661127336,-0.177576748360653,0.159853254628086,-0.0483687806753288,1.00695567043089,-1.05422786055717,1.22971686930307,-1.30081649130565,0.141796079409664,-0.0834326850790017,0.617125588169586,-0.579945296206859,1.032379801282,-0.926354819082221,-0.568711333093198,0.434620693458948,0.232298913219382,-0.233869906714971,0.408751113349689,-0.324952658659218,-0.79903499490808,0.726669149054175,0.0105585293935195,-0.0108298094501066,0.00723866696929321,-0.00694386498807481,NA,NA,0.0141636622383582,-0.0144081409404603,0.0123116313780654,-0.0124003710775784,-0.14209330049691,0.0131013819234624,3.76791190078499,-3.52128009355287,-3.52128009355287,3.76791190078499,7.28919199433786,-7.28919199433786,-0.00722013307842728,0.00566453970424849,0.00753009931825999,-0.00649587322766376,0.00649587322766376,-0.00753009931825999,-0.0650637443468725,0.0985841871575701
"33",2020,"N",-1.31808476076975,-1.31808476076975,-0.562389323179683,-0.562389323179683,-0.790446275872284,-0.790446275872284,-0.101471707133142,-0.101471707133142,-0.346363319597625,-0.346363319597625,-0.0911775003703266,-0.0911775003703266,-0.320326913236105,-0.320326913236105,-0.362544859882304,-0.362544859882304,-0.215671669427277,-0.215671669427277,-0.665174844126637,-0.665174844126637,0.20192417754077,0.20192417754077,-0.085320045381704,-0.085320045381704,-0.188725019862912,-0.188725019862912,0.043830124968018,0.043830124968018,-0.00379379509331351,-0.00379379509331351,-0.00139511171927159,-0.00139511171927159,NA,NA,-0.00227115977693892,-0.00227115977693892,-0.00369777997632387,-0.00369777997632387,-0.366921080273102,-0.366921080273102,-1.38325457013839,-1.38325457013839,-1.38325457013839,-1.38325457013839,0,0,0.00424374652093787,0.00424374652093787,-0.00635558535256692,-0.00635558535256692,0.00635558535256697,0.00635558535256697,-0.579836064353387,-1.76923392554154,-0.378246172921639,-0.69207490263852,-0.742183333652427,-0.670191406443372,-0.0721672125309798,-0.229002719342002,-0.384875604969444,-0.509126857434612,0.249908707869166,-0.155054820096993,0.16908975403642,-0.294023750327145,-0.230192839856283,-0.228285968841968,-0.0555491587680557,-0.389638718919745,-0.479851516620128,-0.814933785561687,0.280007783855433,0.423513397742052,-0.00718654483776593,-0.0703193156699191,-0.137643972597289,-0.235704219593464,0.035969033518036,0.332479891530021,-0.00105971095926888,-0.00697711210605628,0.000444250684721426,-0.00463827146511958,NA,NA,0.00110076464664222,-0.00687840583400834,-0.000818555915466479,-0.00813879221429947,-0.157583218164689,-0.147762490003302,-0.636817138048613,-2.36428339635046,-2.36428339635046,-0.636817138048613,1.72746625830184,-1.72746625830184,0.00443655354367212,0.00628256358772905,-0.00219222012075065,-0.00475426218104552,0.00475426218104547,0.0021922201207506,-0.183460540136551,-0.183460540136551
"34",2021,"A",-2.15065036990741,2.19147778318045,-0.651719421671125,0.675911775777411,-0.208810200441562,0.115341727653536,-0.250725769118965,0.28073262461835,-0.225185818630489,0.23755700537647,-0.596485757446189,0.558921607007274,-0.704211675859355,0.638786294566856,-0.271491652122705,0.232132586787124,-0.616810752491652,0.581507600654184,-0.867463378734564,1.02033018461713,0.383289315988131,-0.273132835360085,-0.192618548807734,0.248088902627464,-0.352196862264631,0.350035668903824,-0.506654271863608,-0.68119761776097,-0.00936300981420679,0.010515546668889,-0.00754194210449655,0.00863435876062152,NA,NA,-0.0119295989408778,0.0132835874510245,-0.0112711094787944,0.0128162872543843,0.136117630291153,-0.10885772488426,-3.20423539898013,3.22376285307548,3.22376285307548,-3.20423539898013,-6.42799825205562,6.42799825205562,0.00513605493228994,-0.00362873530244059,-0.0108351025272451,0.0104329190698056,-0.0104329190698056,0.0108351025272452,-1.93957152310388,1.99393025184774,-0.577548694582696,0.603444451093193,-0.182933094444969,0.0717602150546455,-0.241770619064798,0.257430176565501,-0.232245080345123,0.214125759431248,-0.542703514873681,0.529611173095857,-0.628302153696506,0.613874125919516,-0.255032220859473,0.199252928328256,-0.561113958186311,0.524784039967923,-0.822569157515208,0.926068364430765,0.382650431197709,-0.209855783813719,-0.16844267338096,0.227788079612109,-0.356188243517296,0.320081747360489,-0.440493304527005,-0.613538798654763,-0.00832156700501668,0.00961001395335687,-0.00710010911373288,0.00786741771541799,NA,NA,-0.0108549977485476,0.0122322282023148,-0.0101945221945198,0.0117471841278823,0.17829660998575,-0.0672438816827423,-2.97406306605333,2.89136896048183,2.89136896048183,-2.97406306605333,-5.86543202653515,5.86543202653515,0.00502535107135862,-0.00284389651231781,-0.0100182086498142,0.00930161614842517,-0.00930161614842517,0.0100182086498142,0.056067534205539,-0.0424375815020994
"35",2021,"H",2.19147778318045,-2.15065036990741,0.675911775777411,-0.651719421671125,0.115341727653536,-0.208810200441562,0.28073262461835,-0.250725769118965,0.23755700537647,-0.225185818630489,0.558921607007274,-0.596485757446189,0.638786294566856,-0.704211675859355,0.232132586787124,-0.271491652122705,0.581507600654184,-0.616810752491652,1.02033018461713,-0.867463378734564,-0.273132835360085,0.383289315988131,0.248088902627464,-0.192618548807734,0.350035668903824,-0.352196862264631,-0.68119761776097,-0.506654271863608,0.010515546668889,-0.00936300981420679,0.00863435876062152,-0.00754194210449655,NA,NA,0.0132835874510245,-0.0119295989408778,0.0128162872543843,-0.0112711094787944,-0.10885772488426,0.136117630291153,3.22376285307548,-3.20423539898013,-3.20423539898013,3.22376285307548,6.42799825205562,-6.42799825205562,-0.00362873530244059,0.00513605493228994,0.0104329190698056,-0.0108351025272451,0.0108351025272452,-0.0104329190698056,1.79971276409049,-1.78783306738491,0.534906524493341,-0.523699838392524,0.0674434967769955,-0.129995914356293,0.25340457404791,-0.21100801925007,0.233271715821669,-0.181488876603076,0.476495141055899,-0.529425371349785,0.521467987479358,-0.639694490689081,0.180465258492797,-0.208446367213181,0.469435701620309,-0.49480530320929,0.909933208887949,-0.729862181977264,-0.278665792812509,0.280581919103152,0.201324076192513,-0.175373122754806,0.350543527395073,-0.303239467159079,-0.69855562341303,-0.539544144175475,0.00846929922998191,-0.00777616662856256,0.00751808511204904,-0.00637014990384144,NA,NA,0.0111384183222779,-0.0100505782025665,0.0105788142500437,-0.00942363976220095,-0.162241640037394,0.0775667960568427,2.75561012439728,-2.61368081081467,-2.61368081081467,2.75561012439728,5.36929093521195,-5.36929093521195,-0.00351073907583041,0.00382841898235212,0.00831402133779618,-0.00859532338902802,0.00859532338902802,-0.00831402133779613,-0.0424375815020994,0.056067534205539
"36",2021,"N",-0.173415946279235,-0.173415946279235,-0.102757917872637,-0.102757917872637,0.397010791435854,0.397010791435854,-0.127455227361305,-0.127455227361305,-0.0525470727671191,-0.0525470727671191,0.159555116827356,0.159555116827356,0.27789672423377,0.27789672423377,0.167179084165532,0.167179084165532,0.149951441733272,0.149951441733272,-0.6493074057746,-0.6493074057746,-0.467893721288327,-0.467893721288327,-0.235612377246619,-0.235612377246619,0.00917974864707727,0.00917974864707727,5.04544478733396,5.04544478733396,-0.00489544287167382,-0.00489544287167382,-0.00464008010711214,-0.00464008010711214,NA,NA,-0.00575111622105473,-0.00575111622105473,-0.00656319968966701,-0.00656319968966701,-0.115787455355147,-0.115787455355147,-0.0829435827277223,-0.0829435827277223,-0.0829435827277223,-0.0829435827277223,0,0,-0.00640239581693391,-0.00640239581693391,0.00170828909446918,0.00170828909446918,-0.00170828909446907,-0.00170828909446907,0.594055246104858,-0.875405405433924,0.181124192904171,-0.338718188675628,0.49054633295178,0.247358284348991,-0.0494156536166903,-0.19717982830163,-0.00436067211651547,-0.138626365608832,0.281222513913212,-0.000789199781035421,0.453782068082443,0.109672953313087,0.31672592758949,0.0390494713227856,0.389406781891793,-0.127335791971088,-0.371082035941608,-0.833393008968139,-0.441678593338114,-0.300411872676426,-0.139664973272229,-0.222634465764581,0.0239761402777678,-0.0715382074072179,4.83815240451377,4.897762401258,-0.000627498083626998,-0.0077893342650438,-0.00177536849531107,-0.00635970034744759,NA,NA,-0.00120383935812296,-0.00926663897676361,-0.00163229470382042,-0.009869340538467,-0.0681940780195447,-0.043846960192468,0.927886940605546,-1.17949067512563,-1.17949067512563,0.927886940605546,2.10737761573119,-2.10737761573119,-0.00643337040957734,-0.00418179556545356,0.00723859857038206,-0.00300000459009958,0.00300000459009953,-0.007238598570382,-0.0578937276775804,-0.0578937276775804
